Workbook

Sheet Raw
A1: assessment_id | B1: month | C1: course_id | D1: batch | E1: score | F1: attendance_pct
A2: 1 | B2: Jan | C2: C1 | D2: Morning | E2: 72 | F2: 90
A3: 2 | B3: Jan | C3: C2 | D3: Evening | E3: 45 | F3: 70
A4: 3 | B4: Jan | C4: C3 | D4: Morning | E4: 65 | F4: 85
A5: 4 | B5: Jan | C5: C4 | D5: Weekend | E5: 38 | F5: 60
A6: 5 | B6: Feb | C6: C1 | D6: Evening | E6: 80 | F6: 95
A7: 6 | B7: Feb | C7: C2 | D7: Weekend | E7: 55 | F7: 80
A8: 7 | B8: Feb | C8: C3 | D8: Morning | E8: 48 | F8: 75
A9: 8 | B9: Feb | C9: C4 | D9: Evening | E9: 68 | F9: 88
A10: 9 | B10: Mar | C10: C1 | D10: Weekend | E10: 90 | F10: 98
A11: 10 | B11: Mar | C11: C2 | D11: Morning | E11: 60 | F11: 82
A12: 11 | B12: Mar | C12: C3 | D12: Evening | E12: 75 | F12: 92
A13: 12 | B13: Mar | C13: C4 | D13: Weekend | E13: 42 | F13: 65
A14: 12 | B14: Mar | C14: C4 | D14: Weekend | E14: 42 | F14: 65

Sheet Lookup
A1: course_id | B1: course | C1: department
A2: C1 | B2: Excel | C2: Business
A3: C2 | B3: PowerBI | C3: Business
A4: C3 | B4: SQL | C4: Technology
A5: C4 | B5: Python | C5: Technology

Sheet Clean
A1: assessment_id | B1: month | C1: course_id | D1: batch | E1: score | F1: attendance_pct | G1: department | H1: pass_flag | J1: Cleaning Check | K1: Count
A2: 1 | B2: Jan | C2: C1 | D2: Morning | E2: 72 | F2: 90 | G2: =_xlfn.XLOOKUP(C2,Lookup!$A$2:$A$5,Lookup!$C$2:$C$5) -> Business | H2: =IF(E2>=50,1,0) -> 1 | J2: Before Row Count | K2: 13
A3: 2 | B3: Jan | C3: C2 | D3: Evening | E3: 45 | F3: 70 | G3: =_xlfn.XLOOKUP(C3,Lookup!$A$2:$A$5,Lookup!$C$2:$C$5) -> Business | H3: =IF(E3>=50,1,0) -> 0 | J3: After Row Count | K3: 12
A4: 3 | B4: Jan | C4: C3 | D4: Morning | E4: 65 | F4: 85 | G4: =_xlfn.XLOOKUP(C4,Lookup!$A$2:$A$5,Lookup!$C$2:$C$5) -> Technology | H4: =IF(E4>=50,1,0) -> 1
A5: 4 | B5: Jan | C5: C4 | D5: Weekend | E5: 38 | F5: 60 | G5: =_xlfn.XLOOKUP(C5,Lookup!$A$2:$A$5,Lookup!$C$2:$C$5) -> Technology | H5: =IF(E5>=50,1,0) -> 0
A6: 5 | B6: Feb | C6: C1 | D6: Evening | E6: 80 | F6: 95 | G6: =_xlfn.XLOOKUP(C6,Lookup!$A$2:$A$5,Lookup!$C$2:$C$5) -> Business | H6: =IF(E6>=50,1,0) -> 1
A7: 6 | B7: Feb | C7: C2 | D7: Weekend | E7: 55 | F7: 80 | G7: =_xlfn.XLOOKUP(C7,Lookup!$A$2:$A$5,Lookup!$C$2:$C$5) -> Business | H7: =IF(E7>=50,1,0) -> 1
A8: 7 | B8: Feb | C8: C3 | D8: Morning | E8: 48 | F8: 75 | G8: =_xlfn.XLOOKUP(C8,Lookup!$A$2:$A$5,Lookup!$C$2:$C$5) -> Technology | H8: =IF(E8>=50,1,0) -> 0
A9: 8 | B9: Feb | C9: C4 | D9: Evening | E9: 68 | F9: 88 | G9: =_xlfn.XLOOKUP(C9,Lookup!$A$2:$A$5,Lookup!$C$2:$C$5) -> Technology | H9: =IF(E9>=50,1,0) -> 1
A10: 9 | B10: Mar | C10: C1 | D10: Weekend | E10: 90 | F10: 98 | G10: =_xlfn.XLOOKUP(C10,Lookup!$A$2:$A$5,Lookup!$C$2:$C$5) -> Business | H10: =IF(E10>=50,1,0) -> 1
A11: 10 | B11: Mar | C11: C2 | D11: Morning | E11: 60 | F11: 82 | G11: =_xlfn.XLOOKUP(C11,Lookup!$A$2:$A$5,Lookup!$C$2:$C$5) -> Business | H11: =IF(E11>=50,1,0) -> 1
A12: 11 | B12: Mar | C12: C3 | D12: Evening | E12: 75 | F12: 92 | G12: =_xlfn.XLOOKUP(C12,Lookup!$A$2:$A$5,Lookup!$C$2:$C$5) -> Technology | H12: =IF(E12>=50,1,0) -> 1
A13: 12 | B13: Mar | C13: C4 | D13: Weekend | E13: 42 | F13: 65 | G13: =_xlfn.XLOOKUP(C13,Lookup!$A$2:$A$5,Lookup!$C$2:$C$5) -> Technology | H13: =IF(E13>=50,1,0) -> 0

Sheet Summary
A1: Batch | B1: Passing Assessments | D1: Department | E1: Jan | F1: Feb | G1: Mar
A2: Morning | B2: =COUNTIFS(Clean!$D$2:$D$13,A2,Clean!$H$2:$H$13,1) -> 3 | D2: Business | E2: =IFERROR(SUMIFS(Clean!$E$2:$E$13,Clean!$G$2:$G$13,$D2,Clean!$B$2:$B$13,E$1)/COUNTIFS(Clean!$G$2:$G$13,$D2,Clean!$B$2:$B$13,E$1),0) -> 58.5 | F2: =IFERROR(SUMIFS(Clean!$E$2:$E$13,Clean!$G$2:$G$13,$D2,Clean!$B$2:$B$13,F$1)/COUNTIFS(Clean!$G$2:$G$13,$D2,Clean!$B$2:$B$13,F$1),0) -> 67.5 | G2: =IFERROR(SUMIFS(Clean!$E$2:$E$13,Clean!$G$2:$G$13,$D2,Clean!$B$2:$B$13,G$1)/COUNTIFS(Clean!$G$2:$G$13,$D2,Clean!$B$2:$B$13,G$1),0) -> 75
A3: Evening | B3: =COUNTIFS(Clean!$D$2:$D$13,A3,Clean!$H$2:$H$13,1) -> 3 | D3: Technology | E3: =IFERROR(SUMIFS(Clean!$E$2:$E$13,Clean!$G$2:$G$13,$D3,Clean!$B$2:$B$13,E$1)/COUNTIFS(Clean!$G$2:$G$13,$D3,Clean!$B$2:$B$13,E$1),0) -> 51.5 | F3: =IFERROR(SUMIFS(Clean!$E$2:$E$13,Clean!$G$2:$G$13,$D3,Clean!$B$2:$B$13,F$1)/COUNTIFS(Clean!$G$2:$G$13,$D3,Clean!$B$2:$B$13,F$1),0) -> 58 | G3: =IFERROR(SUMIFS(Clean!$E$2:$E$13,Clean!$G$2:$G$13,$D3,Clean!$B$2:$B$13,G$1)/COUNTIFS(Clean!$G$2:$G$13,$D3,Clean!$B$2:$B$13,G$1),0) -> 58.5
A4: Weekend | B4: =COUNTIFS(Clean!$D$2:$D$13,A4,Clean!$H$2:$H$13,1) -> 2
D5: Note | E5: This is an editable formula-based Pivot-style summary. | F5: Months are ordered Jan → Feb → Mar.

Sheet summary1
